"Label","case","sampl","types","zused","R","SN","logoh","Errlogoh","Models","T","Size","rc","EbvMW","SFR","SFRdens","Logm","EW","Ewdiv","Errew","Errewdiv","Lumdist","Lumdistb","distratio","Fluxb","Lumb","Fluxlya","Errfluxlya","Lumha","Errlumha","Lumhb","Errlumhb","Lumlya","Errlumlya","FescLya","Errfesclya","Fesclyacorr","FescLyalog","Errfesclyalog","fmincont","errfmincont","flyamax","errflymax","ratio","lyaaym","Vtroughblue","Vtroughred","Errvtough","Vblue","Errvblue","Vred","Errvred","Vsep","Errvsep","Vbluecorr","Vblueinv","Errvbluecorr","Vredcorr","Errvredcorr","Vsepcorr","Errvsepcorr","Vwidthmin","Errvwidthmin","Vwidthmax","Errvwidthmax","OIII","ErrOIII","SiIIew","ErrSiIIew","VsiII","ErrvsiII","SiIIIew","ErrSiIIIew","Ageizo","Errage","Age","Ebv","Errebv","Ebvho","Errebvho","NHI","ErrN","ErrtotN","NsiII","ErrnsiII","NcII","ErrncII","NsIII","ErrnSIII","NOIfree","Errnofree","Nhfromno","Errnhfromno","Nsifromno","Bhfree","Errbhfree","Bofree","ErrBofree","Vshiftz","Vfree","Errvfree","Vofree","Errvofree","VsiIIb","ErrvsiIIb","VcII","ErrvcII","VsIII","ErrVsIII","Cfsidoublet","Errcfsidoublet","CfsiA","ErrcfsiA","Cfsiav","Cfsierr","Cffree","Errcffree","Errcffreetot","Cfdepth","Errcfdepth","Cfav","Invcfav","Cfstd","Cfho","Errcfho","Fescknown","Errfescknown","fesclycebv","Errfescebv","fescmescf","Errfescmescf","fescmescfh","Errfescmescfh","fesclyaebv","Errfesclyaebv","fesclyames","Errfesclyames","fcovcorr","Errfcovcorr","fcovsicorr","Errfcovsicorr","fesctot","Errz","fesclyames","ratioatt","ratioobs","Attlycred","Attlyared","Attlycsmc","Attlyasmc"
"J0921+4509",1,0,1,0.235,20,3.27,8.67,0.14,"Z",,,,0.016,77,7.9,9.7,5,0.045454545454546,3,0.027272727272727,1222,1222,1,,8.15,155,20,,,,,8.15,0.36,0.01,0.01,0.001,-1.974,0.409,0.14,0.1,,,,5.64,-220,0,50,-460,50,200,50,660,71,-240,240,50,200,50,440,71,440,20,600,29.9999999595,0.3,0,0.67,0.07,-47,7,1.13,0.06,,,2.85,0.222,0.015,0.254,0.035,17.94,3.02,3.22,16.16,0.04,15.21,0.04,,,15.3,0.13,18.63,0.19,14.11,95,49,45,15,2,-56,13,62,11,-71,12,67,20,,,0.655,0.321,0.594,0.15,0.6,0.14,0.754,0.092,0.111,0.769,0.116,0.761,0.239,0.08,0.982,0.006,0.01,,0.072,0.013,0.017,0.007,0.018,0.006,0.132,0.023,0.031,0.011,0.983,0.013,0.952,0.016,0.017,0,0.031,0.547066347246291,0.942528735632182,,,,
"J1503+3644",12,0,1,0.3557,200,3.3,7.95,0.06,"Z02",14850,1.34,0.4,0.013,24,6.8,8,98,0.890909090909091,3,0.027272727272727,1965,1975,0.99,156,7,196,20,3.5,0.28,1.25,0.07,9.06,0.92,0.3,0.04,0.039,-0.526,0.059,0.95,0.68,1.34E-14,1.13E-15,97000000000000,3.4,-100,-100,50,-300,30,140,30,440,42,-200,200,30,240,30,440,42,356,49,778,52,4.9,0.11,0.56,0.11,-187,79,1.09,0.22,4,,4.19,0.217,0.014,0.361,0.019,20.5,1.95,2.33,15.17,0.08,,,,,15.55,0.16,19.6,0.17,14.36,91,24,302,98,0,-79,24,102,77,-296,279,,,,,0.382,0.349,0.555,0.453,0.45,0.28,0.611,0.045,0.113,0.754,0.062,0.721,0.279,0.055,0.992,0.001,0.058,0.006,0.076,0.013,0.021,0.005,0.008,0.001,0.138,0.023,0.038,0.009,0.979,0.012,0.929,0.012,0.021,0,0.038,0.554549093876761,0.194757393954401,,,,
"J0925+1403",13,0,1,0.3013,200,3.4,7.91,0.03,"Z02",15010,1.15,0.22,0.028,32,12.6,8.7,80,0.727272727272727,5,0.045454545454546,1622,1620,1,185,6,350,30,4.34,0.19,1.55,0.04,11.01,0.94,0.29,0.03,0.063,-0.535,0.046,3.1,0.93,1.3E-14,9.86E-16,213000000000000,4.2,-30,-30,30,-160,20,150,20,310,28,-130,130,20,180,20,310,28,320,60,860,110,4.8,0.07,0.75,0.15,-64,48,1.41,0.28,2.6,0.2,4.4,0.164,0.015,0.242,0.072,17.81,3,3.26,15.37,0.45,14.4,0.38,,,14.99,0.21,19.08,0.21,13.8,81,73,,,0,-214,151,-64,71,-205,18,79,138,,,0.398,0.227,0.425,0.34,0.41,0.19,0.652,0.192,0.218,0.635,0.094,0.638,0.362,0.086,0.963,0.013,0.072,0.008,0.143,0.025,0.052,0.015,0.037,0.013,0.223,0.04,0.081,0.022,0.948,0.022,0.875,0.023,0.053,0,0.081,0.640442287432941,0.246775125163146,,,,
"J1152+3400",14,0,1,0.3419,200,2.8,8,0.07,"Z02",13430,0.59,0.18,0.017,24,35.5,9.4,75,0.681818181818182,6,0.054545454545455,1877,1888,0.99,198,8,255,12,3.66,0.68,1.3,0.23,10.75,0.51,0.34,0.07,0.087,-0.472,0.085,3.75,1.01,1.05E-14,9.5E-16,332000000000000,10.8,60,60,30,-120,40,190,30,310,50,-180,180,40,130,30,310,50,420,60,980,230,5.4,0.1,0.49,0.1,-336,129,0.39,0.08,4.1,,8.7,0.144,0.021,0.184,0.028,20.94,2.38,2.7,14.12,0.22,,,,,15.43,0.17,19.43,0.18,14.24,187,48,227,129,0,-346,28,-102,83,-312,307,,,,,0.274,0.263,0.228,0.553,0.27,0.24,0.629,0.05,0.069,0.619,0.088,0.625,0.375,0.054,0.923,0.021,0.132,0.011,0.181,0.045,0.068,0.02,0.077,0.021,0.268,0.067,0.101,0.024,0.932,0.031,0.813,0.02,0.068,0,0.101,0.676207525949619,0.391361141227821,,,,
"J1333+6246",15,0,1,0.3181,200,2.37,7.76,0.11,"Z005",17780,1.44,0.25,0.018,9,2.2,8.3,73,0.663636363636364,2,0.018181818181818,1726,1736,0.99,133,5,154,20,1.25,0.14,0.43,0.04,5.5,0.71,0.51,0.09,0.122,-0.297,0.077,1.66,0.76,1.16E-14,1.18E-15,142000000000000,2,-150,-150,20,-300,40,70,30,370,50,-150,150,40,220,30,370,50,280,51,679,86,4.8,0.15,0.75,0.16,-237,145,1.25,0.25,1.6,,2.61,0.151,0.043,0.29,0.04,21.14,0.7,1.46,14.26,0.21,,,15.73,0.23,15.54,0.35,19.78,0.37,14.35,102,19,287,277,0,-126,48,-213,152,-918,315,,,-111,157,0.293,0.259,0.564,0.354,0.39,0.21,0.731,0.064,0.122,0.826,0.066,0.804,0.196,0.058,0.987,0.005,0.056,0.015,0.167,0.085,0.033,0.019,0.013,0.005,0.252,0.128,0.049,0.024,0.967,0.07,0.854,0.041,0.033,0,0.049,0.663468028921516,0.110887438040059,,,,
"J1442-0209",16,0,1,0.2937,200,3.2,7.93,0.06,"Z02",14580,0.86,0.22,0.048,22,15.5,8.8,115,1.04545454545455,6,0.054545454545455,1575,1582,1,419,12,358,21.486,3.24,0.22,1.15,0.06,15.11,0.64,0.54,0.05,0.144,-0.27,0.039,4.68,0.72,2.12E-14,1.03E-15,235000000000000,4.4,-130,-130,20,-250,30,70,30,320,42,-120,120,30,200,30,320,42,371,53,752,91,6.7,0.09,0.65,0.13,-473,77,1.29,0.26,3.4,,3,0.14,0.015,0.229,0.044,19.6,3.29,3.53,,,,,,,15.62,0.58,19.69,0.58,14.43,123,183,178,145,0,-261,34,82,101,,,,,,,0.457,0.233,0.482,0.337,0.47,0.19,0.621,0.06,0.12,0.549,0.04,0.556,0.444,0.038,0.958,0.018,0.074,0.01,0.19,0.034,0.084,0.017,0.042,0.018,0.278,0.049,0.124,0.02,0.916,0.021,0.858,0.022,0.084,0,0.124,0.683596766838104,0.137869593008467,,,,
"Tol1247-232",19,0,1,0.0482,150,5,8.1,0.1,"Z02",,,,0.078,16,,9.7,29,0.263636363636364,2,0.018181818181818,223,223,1,,,6410,640,4.49,0.6,1.62,0.1,3.81,0.38,0.1,0.02,,-1.01,0.074,0.08,0.02,,,,8,-100,-100,50,-300,10,150,10,450,14,-200,200,10,250,10,450,14,453,89,1137,95,3.4,0,0.59,0.05,-62,8,,,,,4.62,0.195,0.028,0.182,0.021,21.89,0.16,1.05,15.23,0.05,14.59,0.14,,,15.29,0.43,19.19,0.44,14.1,66,87,278,168,0,194,41,58,143,123,86,272,51,,,,,0.26,0.01,0.26,0.01,0.486,0.035,0.061,0.561,0.071,0.518,0.482,0.046,0.935,0.013,0.004,0.002,0.099,0.033,0.048,0.017,0.065,0.013,0.168,0.056,0.081,0.022,0.952,0.018,,,,0,0.081,0.588708084702044,0.040942749357733,,,,
"J0926+4427",6,0,0,0.18069,20,7.33,8.01,0.05,"Z02",,,1.09,0.02,22.7,,9.9,59,0.536363636363636,12,0.109090909090909,911,875,1.04,,5.4,600,30,3.35,0.67,,,5.96,1.19,0.2,0.06,0.04,-0.689,0.123,1.51,0.1,3.19,0.15,0.486,,-80,-80,30,-250,50,160,50,410,71,-170,170,50,240,50,410,71,383,46,744,20,3.2,0,0.37,0.13,-335,20,1.28,0.18,,,1.76,0.175,0.01,0.174,0.012,16.39,0.22,0.4,14.76,0.05,,,14.23,0.54,15.77,0.02,19.76,0.05,14.58,213,23,118,5,3,-199,12,-141,4,-365,18,,,-120,53,0.367,0.194,0.363,0.063,0.36,0.06,0.673,0.032,0.04,0.814,0.048,0.731,0.269,0.031,0.957,0.006,,,,,0.034,0.006,0.043,0.006,0.202,0.024,0.054,0.008,0.966,0.014,0.879,0.01,0.112,0,0.054,0.621584247752523,,,,,
"J1429+0643",7,0,0,0.1736,20,4.3,8.2,0.05,"Z04",,,,0.022,61.7,,10.1,36,0.327272727272727,3,0.027272727272727,872,837,1.04,,4.8,528,30,5,1.1,1.92,0.02,4.8,0.96,0.1,0.03,0.021,-0.997,0.123,0.82,0.09,2.79,0.11,0.297,,18,18,30,-220,50,240,40,460,64,-238,238,50,222,40,460,64,420,50,760,40,4.1,,,,,,,,,,2.53,0.165,0.02,0.153,0.015,16.17,0.38,0.5,15.09,0.06,,,15.09,0.06,15.55,0.24,19.35,0.25,14.36,236,56,218,74,0,-220,36,-43,98,-288,26,,,-203,17,0.734,0.255,0.775,0.11,0.77,0.1,0.898,0.067,0.071,0.955,0.061,0.931,0.069,0.046,0.981,0.006,,,,,0.01,0.007,0.019,0.006,0.221,0.053,0.015,0.011,0.99,0.034,0.952,0.034,0.13,0,0.015,0.638704535302591,,,,,
"GP0303-0759",2,0,0,0.16488,20,2.1,7.86,0.05,"Z005",,,0.56,0.1,7.6,,8.89,13,0.118181818181818,4,0.036363636363636,824,791,1.04,,0,110,20,1.88,0.38,,,0.89,0.18,0.05,0.02,0.017,-1.264,0.123,0.29,0.2,0.74,0.07,0.338,,-90,-90,50,-310,20,150,10,460,22,-220,220,20,240,10,460,22,380,50,650,90,7.3,0,,,,,1.3,0.2,,,4.16,0.121,0.045,0.153,0.043,16.07,0.99,1.5,14.04,0.98,,,,,15.41,0.18,19.55,0.19,14.22,192,99,209,84,31,-266,92,31,70,-209,10,,,,,0.544,0.287,0.47,0.116,0.48,0.11,0.908,0.197,0.207,0.981,0.109,0.908,0.092,0.207,0.982,0.034,,,,,0.022,0.051,0.018,0.034,0.331,0.177,0.03,0.069,0.978,0.126,0.835,0.093,0.223,0,0.03,0.719813520677086,,,,,
"GP1244+0216",3,0,0,0.23942,20,1.3,8.17,0.05,"Z02",,,1.02,0.02,26.2,,9.39,54,0.490909090909091,8,0.072727272727273,1248,1200,1.04,,3.4,200,10,6.08,1.22,,,3.73,0.75,0.07,0.02,0.005,-1.152,0.123,0.23,0.2,1.07,0.08,0.252,,-10,-10,50,-260,40,250,20,510,45,-250,250,40,260,20,510,45,379,49,730,110,3.6,0,1.35,0.26,-29,27,1.61,0.24,,,2.35,0.29,0.043,0.348,0.117,16.34,0.8,1.38,15.69,0.23,15.18,0.28,15.27,0.23,16.12,0.14,19.95,0.15,14.93,220,79,157,47,19,-78,48,-67,36,-151,62,-54,33,-66,39,0.486,0.389,0.506,0.177,0.5,0.16,0.909,0.352,0.357,0.95,0.131,0.946,0.054,0.123,0.994,0.004,,,,,0.002,0.004,0.006,0.004,0.071,0.036,0.004,0.009,0.998,0.017,0.968,0.016,0.028,0,0.004,0.454778578643688,,,,,
"GP1054+5238",4,0,0,0.25264,20,1.45,8.1,0.05,"Z02",,,0.62,0.01,22.4,,9.51,14,0.127272727272727,3,0.027272727272727,1326,1275,1.04,,3.1,170,20,5.54,1.11,,,3.58,0.72,0.07,0.02,0.007,-1.13,0.123,0.21,0.13,1.87,0.15,0.128,,-10,-10,60,-220,50,190,10,410,51,-210,210,50,200,10,410,51,480,29,604,64,2.5,0,0.72,0.2,-307,39,2.29,0.31,,,5,0.253,0.054,0.319,0.067,19.6,3.64,3.81,14.66,0.38,,,,,15.73,0.14,19.63,0.15,14.54,164,78,256,72,-10,-161,29,39,55,-180,120,,,,,0.405,0.341,0.49,0.224,0.46,0.19,0.778,0.115,0.131,0.889,0.158,0.823,0.177,0.101,0.992,0.004,,,,,0.009,0.008,0.008,0.004,0.099,0.063,0.018,0.013,0.991,0.027,0.952,0.024,0.009,0,0.018,0.502874947223143,,,,,
"GP0911+1831",5,0,0,0.26223,20,1.53,8,0.05,"Z02",,,0.57,0.03,16.8,,9.49,70,0.636363636363636,12,0.109090909090909,1383,1331,1.05,,6.8,330,10,5.27,1.05,,,7.55,1.51,0.16,0.05,0.006,-0.783,0.123,1.31,0.34,2.24,0.11,0.67,,-80,-80,30,-280,50,80,20,360,54,-200,200,50,160,20,360,54,374,16,508,24,1.8,0,,,,,1.3,0.4,,,3.93,0.352,0.038,0.37,0.088,16.76,0.38,1.19,14.66,0.35,,,,,15.73,0.15,19.73,0.16,14.54,188,43,221,79,-7,-273,40,-102,67,-155,41,,,,,0.395,0.355,0.451,0.328,0.43,0.24,0.731,0.137,0.15,0.765,0.116,0.752,0.248,0.092,0.997,0.003,,,,,0.004,0.002,0.003,0.003,0.04,0.018,0.01,0.005,0.996,0.006,0.98,0.007,0.012,0,0.01,0.384273114230837,,,,,
"S1226",8,0,0,2.92525,75,4.5,,,"Z02",,,,0.0213,,,,-2,-0.018181818181818,1,0.009090909090909,25284,25284,1,,3.11,0,0.003,4.56,0.4,12.99,2.89,0.21,0.01,0,0,0,,,0,0.05,,,,,-120,-120,40,,,95,10,,,,,,215,11,,,548,29,709,50,,,,,,,,,,,17.9,0.201,0.001,0.203,0.001,17.15,0.08,1.05,,,,,,,16.11,0.01,,,14.92,380,24,200,7,-57,-264,21,-290,11,,,,,,,0.969,0.06,0.909,0.042,0.93,0.03,0.932,0.023,0.038,0.998,0.009,0.994,0.006,0.009,1,0.001,,,,,0.001,0.001,0,0.001,0.159,0.002,0.001,0.001,0.999,0.009,0.989,0.013,0.038,0,0.001,0.579188593089379,,,,,
"S1527",9,0,0,2.76228,100,2.18,,,"Z04",,,,0.0503,,,,18,0.163636363636364,1,0.009090909090909,23602,23602,1,,5.37,1,0.007,29.47,8,83.98,18.66,0.13,0.01,0,0,0,,,0.07,0.21,,,,,-160,-160,20,,,140,20,,,,,,300,20,,,480,30,764,57,,,,,,,,,,,8.39,0.314,0.002,0.379,0.006,17.15,0.47,1.22,14.33,0.02,14.91,0.12,15.58,0.22,15.57,0.13,,,14.38,269,47,133,44,0,-247,25,-89,33,-88,16,-19,29,,,0.826,0.155,0.791,0.1,0.8,0.08,0.993,0.039,0.078,0.99,0.038,0.99,0.01,0.034,0.997,0.001,,,,,0,0.001,0.003,0.001,0.057,0.001,0.001,0.002,1,0.004,0.99,0.006,0.01,0,0.001,0.426069061925589,,,,,
"CosmicEye",11,0,0,3.07483,120,2.6,8.6,0.1,"Z02",,,,0.0475,100,,9.77,-30,-0.272727272727273,2,0.018181818181818,26841,26841,1,,0,0,0.006,,,,,0,0.05,0,0,0,,,0,0.03,,,,,,,,,,,,,,,,,,,,,467,99,470,80,,,,,,,,,,,10,0.371,0.006,0.425,0.004,22.59,0.067,1.28,,,,,,,20.64,0.66,24.04,0.67,19.45,199,5,24,77,0,311,16,208,9,,,,,,,0.975,0.065,0.943,0.025,0.95,0.02,0.92,0.015,0.07,0.998,0.024,0.99,0.01,0.023,0.999,0.001,,,,,0,0,0.001,0.001,0.034,0.002,0,0.001,1,0.002,0.998,0.005,0,0,0,0.364938766673777,,,,,
"J1154+2443",20,0,1,0.369,,,7.65,0.01,,19100,1.09,0.2,0.016,18.9,18.9,8.2,135,1.22727272727273,4,0.036363636363636,2051,2064,0.99,,6,154,2.7,1.46,0.01,0.46,0,7.75,0.14,0.61,0.03,,,,11.7,3.3,1.22E-14,1.06E-15,1600000000000000,1.3,20,20,20,-80,30,130,20,210,36,-100,100,30,110,30,210,42,170,86,310,139,11.5,0.1,,,,,,,2.6,,8.1,0.118,0.031,0.287,0.117,21.9,6.3,6.43,,,,,,,15,1.24,19.35,1.24,13.81,61,19,,,0,-289,92,,,,,,,,,,,,,,,0.404,0.111,0.152,0.472,0.105,0.45,0.55,0.086,0.959,0.048,0.46,0.02,0.247,0.091,0.136,0.054,0.041,0.048,0.34,0.125,0.187,0.061,0.864,0.047,,,,0,0.187,0.725704807306393,0.754157267056531,1.51,1.2,0.87,0.55
"J0901+2119",21,0,1,0.2993,200,,8.16,0.02,,12190,1.51,0.18,0.025,20,2.7,9.8,170,1.54545454545455,4,0.036363636363636,1609,1562,1.03,84,3,106,2.3,2.6,0.15,0.9,0.04,3.28,0.07,0.14,0.01,,,,5.3,2.4,4.89E-16,6.11E-15,1.74E+016,2,-80,-80,40,-180,40,140,20,320,45,-100,100,40,220,20,320,45,300,78,598,127,8.02453987730061,0.09,,,,,,,2.4,,11.9,0.22,0.057,0.445,0.134,21.3,1.06,1.66,,,,,,,,,,,,236,203,,,,-121,84,,,,,,,,,,,,,,,0.539,0.235,0.257,0.708,0.218,0.637,0.363,0.166,0.989,0.011,0.027,0.007,0.074,0.05,0.027,0.022,0.011,0.011,0.134,0.091,0.049,0.033,0.973,0.034,,,,0,0.049,0.550047252867632,0.186524962444737,2.83,2.24,,
"J1011+1947",22,0,1,0.3322,200,,7.99,0.01,,14610,1.48,0.15,0.025,25,4.1,9,115,1.04545454545455,4,0.036363636363636,1815,1763,1.03,92,4,123,2.6,3.02,0.17,1.06,0.05,4.84,0.1,0.18,0.01,,,,7.66,2.04,8.7E-15,8.06E-16,1200000000000000,2.4,-30,-30,30,-130,20,120,10,250,22,-100,100,20,150,10,250,22,284,45,416,63,27.1,0.11,,,,,,,3.4,,2.9,0.23,0.084,,,18.28,3.6,3.82,,,,,,,15.47,0.27,19.48,0.27,,53,25,,,,-69,32,,,,,,,,,,,,,,,0.644,0.244,0.265,0.727,0.147,0.708,0.292,0.113,,,0.114,0.018,0.065,0.065,0.019,0.02,,,0.122,0.122,0.036,0.031,0.981,0.047,,,,0,0.036,0.535303397744143,0.618234925897889,3.01615,2.39,,
"J1243+4646",23,0,3,0.4317,200,,7.89,0.01,,15690,1.75,0.19,0.012,80,8.4,7.8,98,0.890909090909091,3,0.027272727272727,2467,2401,1.03,142,10,180,2.8,2.88,0.19,1.03,0.06,12.98,0.2,0.52,0.04,,,,20.37,3.58,9.92E-15,1.04E-15,2510000000000000,3.2,40,40,20,-40,20,130,40,170,45,-80,80,20,90,40,170,45,,,,,13.5,0.11,,,,,,,2.7,,3.1,0.1,0.021,,,,,,,,,,,,,,,,,,,,,,,,,,,,,,,,,,,,,,,,,0.12,0.069,0.189,0.811,0.069,,,0.726,0.097,0.306,0.076,0.248,0.065,,,0.401,0.1,0.325,0.068,0.752,0.026,,,,0,0.325,0.762079010025412,1.40285489785001,1.34228,1.06383,,
"J1248+4259",24,0,1,0.3629,200,,7.64,0.01,,18820,1.64,0.22,0.021,37,4.3,8.2,258,2.34545454545455,9,0.081818181818182,2012,1956,1.03,109,5,150,2.7,4.77,0.24,1.7,0.07,7.15,0.13,0.17,0.01,,,,4.85,2.25,7.44E-15,6.65E-16,2080000000000000,3.8,-10,-10,20,-130,30,140,30,270,42,-120,120,30,150,40,270,50,232,50,428,72,11.8,0.09,,,,,,,2.5,,8.1,0.253,0.073,0.347,0.103,19.5,33,33.02,,,,,15.79,0.81,,,,,,80,329,,,,56,49,138,74,,,,,114,131,,,,,,,0.98,0.217,0.241,0.948,0.115,0.954,0.046,0.104,0.998,0.004,0.022,0.007,0.05,0.043,0.002,0.006,0.002,0.004,0.099,0.086,0.005,0.011,0.998,0.042,,,,0,0.005,0.502874947223143,0.127664960575062,3.27450979992872,2.59053043163611,,
"J1256+4509",25,0,1,0.353,200,,7.87,0.01,,16060,1.72,0.17,0.018,18,2,8.8,88,0.8,3,0.027272727272727,1948,1893,1.03,70,3,88,2.1,1.45,0.11,0.52,0.03,4.02,0.1,0.32,0.03,,,,5.83,2.4,7.93E-15,7.3E-16,504000000000000,3.1,10,10,40,-90,50,160,20,250,54,-100,100,50,150,20,250,54,250,50,604,122,16.3,0.13,,,,,,,2.4,,2.52,0.076,0.029,0.346,0.11,21.4,1.5,1.97,,,,,,,14.88,0.52,19.01,0.52,13.69,125,174,,,,-48,44,100,99,,,,,,,,,,,,,0.407,0.069,0.125,0.41,0.101,0.409,0.591,0.079,0.969,0.03,0.38,0.057,0.406,0.14,0.24,0.089,0.031,0.03,0.499,0.172,0.295,0.088,0.76,0.066,,,,0,0.295,0.813429652524471,1.19245912583886,0.978684916057015,0.776727852190949,0.97601397693695,0.621802240041644
"J1448-0110",,2,4,0.0274,,,8.11,0.05,,,,,,,,,-18,-0.163636363636364,0.1,,,,,,,,,,,,,,,0,0,,,,,,,,,,,,,,,,,,,,,,,,,,,,,,7.8,0.3,,,,,,,,,,,,,,,,,,,,,,,,,,,,,,,,,,,,,,,,,,,,,,,0.94,0.03,,,,,,1,0,0.03,,,,,,,,,,,,,,,,,,,,,,,,,,,
"J1608+3528",,2,4,0.0327,,,7.83,0.19,,,,,,,,,163,1.48181818181818,12,,,,,,,,,,,,,,,0.18,0.04,,,,27.1,6.9,,,,,,,,,,,,214,30,,,,,,,,,,,,34.9,3.5,,,,,,,,,,,,,,,,,,,,,,,,,,,,,,,,,,,,,,,,,,,,,,,0.42,0.08,,,,,,0.7046,0.295,0.08,,,,,,,,,,,,,,,,,,,,,,,,,,,
"J1335+0801",,2,4,0.1235,,,8.1,0.45,,,,,,,,,-14,-0.127272727272727,0.5,,,,,,,,,,,,,,,0,0,,,,,,,,,,,,,,,,,,,,,,,,,,,,,,7.3,0.4,,,,,,,,,,,,,,,,,,,,,,,,,,,,,,,,,,,,,,,,,,,,,,,0.97,0.04,,,,,,1,0,0.04,,,,,,,,,,,,,,,,,,,,,,,,,,,
"J1457+2232",,2,4,,,,,,,,,,,,,,-4,-0.036363636363636,1,,,,,,,,,,,,,,,0.01,0.01,,,,,,,,,,,,,,,,,749,56,,,,,,,,,,,,,,,,,,,,,,,,,,,,,,,,,,,,,,,,,,,,,,,,,,,,,,,,,,,,0.99,0.12,,,,,,1,0,0.12,,,,,,,,,,,,,,,,,,,,,,,,,,,
"J1509+3731",,2,4,0.0325,,,7.88,0.1,,,,,,,,,12,0.109090909090909,1,,,,,,,,,,,,,,,0.05,0.02,,,,0.9,0.3,,,,,,,,,,,,400,27,,,,,,,,,,,,15.1,0.9,,,,,,,,,,,,,,,,,,,,,,,,,,,,,,,,,,,,,,,,,,,,,,,0.82,0.03,,,,,,0.9566,0.043,0.03,,,,,,,,,,,,,,,,,,,,,,,,,,,
"J0851+5840",,2,4,0.0919,,,7.87,0.14,,,,,,,,,26,0.236363636363636,2,,,,,,,,,,,,,,,0.04,0.01,,,,0.4,0.4,,,,,,,,,,,,361,25,,,,,,,,,,,,9.4,0.5,,,,,,,,,,,,,,,,,,,,,,,,,,,,,,,,,,,,,,,,,,,,,,,0.86,0.04,,,,,,0.9818,0.018,0.04,,,,,,,,,,,,,,,,,,,,,,,,,,,
"J0213+0056",,2,4,0.0399,,,8.03,0.1,,,,,,,,,42,0.381818181818182,4,,,,,,,,,,,,,,,0.12,0.02,,,,0.7,0.3,,,,,,,,,,,,397,47,,,,,,,,,,,,7.2,0.4,,,,,,,,,,,,,,,,,,,,,,,,,,,,,,,,,,,,,,,,,,,,,,,0.54,0.03,,,,,,0.7802,0.22,0.03,,,,,,,,,,,,,,,,,,,,,,,,,,,
"J1226+0415",,2,4,0.0942,,,8,0.12,,,,,,,,,64,0.581818181818182,3,,,,,,,,,,,,,,,0.13,0.02,,,,3.6,1,,,,,,,,,,,,360,40,,,,,,,,,,,,8.3,0.5,,,,,,,,,,,,,,,,,,,,,,,,,,,,,,,,,,,,,,,,,,,,,,,0.6,0.03,,,,,,0.818,0.182,0.03,,,,,,,,,,,,,,,,,,,,,,,,,,,
"J0240-0828",,2,4,0.0822,,,7.91,0.12,,,,,,,,,154,1.4,8,,,,,,,,,,,,,,,0.19,0.04,,,,4.3,1.2,,,,,,,,,,,,266,29,,,,,,,,,,,,13.7,0.6,,,,,,,,,,,,,,,,,,,,,,,,,,,,,,,,,,,,,,,,,,,,,,,0.38,0.08,,,,,,0.6794,0.321,0.08,,,,,,,,,,,,,,,,,,,,,,,,,,,
"J1735+5703",,2,4,0.0472,,,8.11,0.08,,,,,,,,,64,0.581818181818182,4,,,,,,,,,,,,,,,0.09,0.04,,,,2.3,0.6,,,,,,,,,,,,460,47,,,,,,,,,,,,6.8,0.3,,,,,,,,,,,,,,,,,,,,,,,,,,,,,,,,,,,,,,,,,,,,,,,0.49,0.04,,,,,,0.7487,0.251,0.04,,,,,,,,,,,,,,,,,,,,,,,,,,,
"J2302+0049",,2,4,0.0331,,,7.72,0.08,,,,,,,,,64,0.581818181818182,3,,,,,,,,,,,,,,,0.28,0.06,,,,8.7,2.2,,,,,,,,,,,,279,48,,,,,,,,,,,,8.6,0.6,,,,,,,,,,,,,,,,,,,,,,,,,,,,,,,,,,,,,,,,,,,,,,,0.28,0.12,,,,,,0.6164,0.384,0.12,,,,,,,,,,,,,,,,,,,,,,,,,,,
"J1311-0038",,2,4,0.0811,,,7.98,0.17,,,,,,,,,71,0.645454545454546,4,,,,,,,,,,,,,,,0.23,0.05,,,,7.8,2,,,,,,,,,,,,273,26,,,,,,,,,,,,6.6,0.2,,,,,,,,,,,,,,,,,,,,,,,,,,,,,,,,,,,,,,,,,,,,,,,0.45,0.02,,,,,,0.7235,0.277,0.02,,,,,,,,,,,,,,,,,,,,,,,,,,,
"J1200+2719",,2,4,0.0819,,,8.06,0.07,,,,,,,,,114,1.03636363636364,7,,,,,,,,,,,,,,,0.39,0.08,,,,1.3,0.4,,,,,,,,,,,,327,65,,,,,,,,,,,,8.9,0.5,,,,,,,,,,,,,,,,,,,,,,,,,,,,,,,,,,,,,,,,,,,,,,,0.24,0.1,,,,,,0.5912,0.409,0.1,,,,,,,,,,,,,,,,,,,,,,,,,,,
"J0808+1728",,2,5,0.0442,,,7.61,0.18,,,,,,,,,31,0.281818181818182,2,,,,,,,,,,,,,,,0.36,0.07,,,,3.3,0.9,,,,,,,,,,,,146,37,,,,,,,,,,,,10.3,0.9,,,,,,,,,,,,,,,,,,,,,,,,,,,,,,,,,,,,,,,,,,,,,,,0.16,,,,,,,0.541,0.459,0.08,,,,,,,,,,,,,,,,,,,,,,,,,,,
"J0815+2156",,2,5,,,,,,,,,,,,,,68,0.618181818181818,4,,,,,,,,,,,,,,,0.28,0.06,,,,,,,,,,,,,,,,,296,52,,,,,,,,,,,,,,,,,,,,,,,,,,,,,,,,,,,,,,,,,,,,,,,,,,,,,,,,,,,,0.45,,,,,,,0.724,0.277,0.08,,,,,,,,,,,,,,,,,,,,,,,,,,,
"J1219+1526",,2,5,,,,,,,,,,,,,,17,0.154545454545455,9,,,,,,,,,,,,,,,0.58,0.08,,,,,,,,,,,,,,,,,242,43,,,,,,,,,,,,,,,,,,,,,,,,,,,,,,,,,,,,,,,,,,,,,,,,,,,,,,,,,,,,0.93,,,,,,,1,0,0.08,,,,,,,,,,,,,,,,,,,,,,,,,,,
,,,,,,,,,,,,,,,,,,,,,,,,,,,,,,,,,,,,,,,,,,,,,,,,,,,,,,,,,,,,,,,,,,,,,,,,,,,,,,,,,,,,,,,,,,,,,,,,,,,,,,,,,,,,,,,,,,,,,,,,,,,,,,,,,,,,,,,,,,,,,,,,,,,,,
,,,,,,,,,,,,,,,,,,,,,,,,,,,,,,,,,,,,,,,,,,,,,,,,,,,,,,,,,,,,,,,,,,,,,,,,,,,,,,,,,,,,,,,,,,,,,,,,,,,,,,,,,,,,,,,,,,,,,,,,,,,,,,,,,,,,,,,,,,,,,,,,,,,,,
,,,,,,,,,,,,,,,,,,,,,,,,,,,,,,,,,,,,,,,,,,,,,,,,,,,,,,,,,,,,,,,,,,,,,,,,,,,,,,,,,,,,,,,,,,,,,,,,,,,,,,,,,,,,,,,,,,,,,,,,,,,,,,,,,,,,,,,,,,,,,,,,,,,,,
,,,,,,,,,,,,,,,,,,,,,,,,,,,,,,,,,,,,,,,,,,,,,,,,,,,,,,,,,,,,,,,,,,,,,,,,,,,,,,,,,,,,,,,,,,,,,,,,,,,,,,,,,,,,,,,,,,,,,,,,,,,,,,,,,,,,,,,,,,,,,,,,,,,,,
,,,,,,,,,,,,,,,,,,,,,,,,,,,,,,,,,,,,,,,,,,,,,,,,,,,,,,,,,,,,,,,,,,,,,,,,,,,,,,,,,,,,,,,,,,,,,,,,,,,,,,,,,,,,,,,,,,,,,,,,,,,,,,,,,,,,,,,,,,,,,,,,,,,,,
,,,,,,,,,,,,,,,,,,,,,,,,,,,,,,,,,,,,,,,,,,,,,,,,,,,,,,,,,,,,,,,,,,,,,,,,,,,,,,,,,,,,,,,,,,,,,,,,,,,,,,,,,,,,,,,,,,,,,,,,,,,,,,,,,,,,,,,,,,,,,,,,,,,,,
,,,,,,,,,,,,,,,,,,,,,,,,,,,,,,,,,,,,,,,,,,,,,,,,,,,,,,,,,,,,,,,,,,,,,,,,,,,,,,,,,,,,,,,,,,,,,,,,,,,,,,,,,,,,,,,,,,,,,,,,,,,,,,,,,,,,,,,,,,,,,,,,,,,,,
,,,,,,,,,,,,,,,,,,,,,,,,,,,,,,,,,,,,,,,,,,,,,,,,,,,,,,,,,,,,,,,,,,,,,,,,,,,,,,,,,,,,,,,,,,,,,,,,,,,,,,,,,,,,,,,,,,,,,,,,,,,,,,,,,,,,,,,,,,,,,,,,,,,,,
,,,,,,,,,,,,,,,,,,,,,,,,,,,,,,,,,,,,,,,,,,,,,,,,,,,,,,,,,,,,,,,,,,,,,,,,,,,,,,,,,,,,,,,,,,,,,,,,,,,,,,,,,,,,,,,,,,,,,,,,,,,,,,,,,,,,,,,,,,,,,,,,,,,,,
,,,,,,,,,,,,,,,,,,,,,,,,,,,,,,,,,,,,,,,,,,,,,,,,,,,,,,,,,,,,,,,,,,,,,,,,,,,,,,,,,,,,,,,,,,,,,,,,,,,,,,,,,,,,,,,,,,,,,,,,,,,,,,,,,,,,,,,,,,,,,,,,,,,,,
,,,,,,,,,,,,,,,,,,,,,,,,,,,,,,,,,,,,,,,,,,,,,,,,,,,,,,,,,,,,,,,,,,,,,,,,,,,,,,,,,,,,,,,,,,,,,,,,,,,,,,,,,,,,,,,,,,,,,,,,,,,,,,,,,,,,,,,,,,,,,,,,,,,,,
,,,,,,,,,,,,,,,,,,,,,,,,,,,,,,,,,,,,,,,,,,,,,,,,,,,,,,,,,,,,,,,,,,,,,,,,,,,,,,,,,,,,,,,,,,,,,,,,,,,,,,,,,,,,,,,,,,,,,,,,,,,,,,,,,,,,,,,,,,,,,,,,,,,,,
,,,,,,,,,,,,,,,,,,,,,,,,,,,,,,,,,,,,,,,,,,,,,,,,,,,,,,,,,,,,,,,,,,,,,,,,,,,,,,,,,,,,,,,,,,,,,,,,,,,,,,,,,,,,,,,,,,,,,,,,,,,,,,,,,,,,,,,,,,,,,,,,,,,,,
,,,,,,,,,,,,,,,,,,,,,,,,,,,,,,,,,,,,,,,,,,,,,,,,,,,,,,,,,,,,,,,,,,,,,,,,,,,,,,,,,,,,,,,,,,,,,,,,,,,,,,,,,,,,,,,,,,,,,,,,,,,,,,,,,,,,,,,,,,,,,,,,,,,,,
,,,,,,,,,,,,,,,,,,,,,,,,,,,,,,,,,,,,,,,,,,,,,,,,,,,,,,,,,,,,,,,,,,,,,,,,,,,,,,,,,,,,,,,,,,,,,,,,,,,,,,,,,,,,,,,,,,,,,,,,,,,,,,,,,,,,,,,,,,,,,,,,,,,,,
,,,,,,,,,,,,,,,,,,,,,,,,,,,,,,,,,,,,,,,,,,,,,,,,,,,,,,,,,,,,,,,,,,,,,,,,,,,,,,,,,,,,,,,,,,,,,,,,,,,,,,,,,,,,,,,,,,,,,,,,,,,,,,,,,,,,,,,,,,,,,,,,,,,,,
,,,,,,,,,,,,,,,,,,,,,,,,,,,,,,,,,,,,,,,,,,,,,,,,,,,,,,,,,,,,,,,,,,,,,,,,,,,,,,,,,,,,,,,,,,,,,,,,,,,,,,,,,,,,,,,,,,,,,,,,,,,,,,,,,,,,,,,,,,,,,,,,,,,,,
,,,,,,,,,,,,,,,,,,,,,,,,,,,,,,,,,,,,,,,,,,,,,,,,,,,,,,,,,,,,,,,,,,,,,,,,,,,,,,,,,,,,,,,,,,,,,,,,,,,,,,,,,,,,,,,,,,,,,,,,,,,,,,,,,,,,,,,,,,,,,,,,,,,,,
,,,,,,,,,,,,,,,,,,,,,,,,,,,,,,,,,,,,,,,,,,,,,,,,,,,,,,,,,,,,,,,,,,,,,,,,,,,,,,,,,,,,,,,,,,,,,,,,,,,,,,,,,,,,,,,,,,,,,,,,,,,,,,,,,,,,,,,,,,,,,,,,,,,,,
,,,,,,,,,,,,,,,,,,,,,,,,,,,,,,,,,,,,,,,,,,,,,,,,,,,,,,,,,,,,,,,,,,,,,,,,,,,,,,,,,,,,,,,,,,,,,,,,,,,,,,,,,,,,,,,,,,,,,,,,,,,,,,,,,,,,,,,,,,,,,,,,,,,,,
,,,,,,,,,,,,,,,,,,,,,,,,,,,,,,,,,,,,,,,,,,,,,,,,,,,,,,,,,,,,,,,,,,,,,,,,,,,,,,,,,,,,,,,,,,,,,,,,,,,,,,,,,,,,,,,,,,,,,,,,,,,,,,,,,,,,,,,,,,,,,,,,,,,,,
,,,,,,,,,,,,,,,,,,,,,,,,,,,,,,,,,,,,,,,,,,,,,,,,,,,,,,,,,,,,,,,,,,,,,,,,,,,,,,,,,,,,,,,,,,,,,,,,,,,,,,,,,,,,,,,,,,,,,,,,,,,,,,,,,,,,,,,,,,,,,,,,,,,,,
,,,,,,,,,,,,,,,,,,,,,,,,,,,,,,,,,,,,,,,,,,,,,,,,,,,,,,,,,,,,,,,,,,,,,,,,,,,,,,,,,,,,,,,,,,,,,,,,,,,,,,,,,,,,,,,,,,,,,,,,,,,,,,,,,,,,,,,,,,,,,,,,,,,,,
,,,,,,,,,,,,,,,,,,,,,,,,,,,,,,,,,,,,,,,,,,,,,,,,,,,,,,,,,,,,,,,,,,,,,,,,,,,,,,,,,,,,,,,,,,,,,,,,,,,,,,,,,,,,,,,,,,,,,,,,,,,,,,,,,,,,,,,,,,,,,,,,,,,,,
,,,,,,,,,,,,,,,,,,,,,,,,,,,,,,,,,,,,,,,,,,,,,,,,,,,,,,,,,,,,,,,,,,,,,,,,,,,,,,,,,,,,,,,,,,,,,,,,,,,,,,,,,,,,,,,,,,,,,,,,,,,,,,,,,,,,,,,,,,,,,,,,,,,,,
,,,,,,,,,,,,,,,,,,,,,,,,,,,,,,,,,,,,,,,,,,,,,,,,,,,,,,,,,,,,,,,,,,,,,,,,,,,,,,,,,,,,,,,,,,,,,,,,,,,,,,,,,,,,,,,,,,,,,,,,,,,,,,,,,,,,,,,,,,,,,,,,,,,,,
,,,,,,,,,,,,,,,,,,,,,,,,,,,,,,,,,,,,,,,,,,,,,,,,,,,,,,,,,,,,,,,,,,,,,,,,,,,,,,,,,,,,,,,,,,,,,,,,,,,,,,,,,,,,,,,,,,,,,,,,,,,,,,,,,,,,,,,,,,,,,,,,,,,,,
,,,,,,,,,,,,,,,,,,,,,,,,,,,,,,,,,,,,,,,,,,,,,,,,,,,,,,,,,,,,,,,,,,,,,,,,,,,,,,,,,,,,,,,,,,,,,,,,,,,,,,,,,,,,,,,,,,,,,,,,,,,,,,,,,,,,,,,,,,,,,,,,,,,,,
,,,,,,,,,,,,,,,,,,,,,,,,,,,,,,,,,,,,,,,,,,,,,,,,,,,,,,,,,,,,,,,,,,,,,,,,,,,,,,,,,,,,,,,,,,,,,,,,,,,,,,,,,,,,,,,,,,,,,,,,,,,,,,,,,,,,,,,,,,,,,,,,,,,,,
,,,,,,,,,,,,,,,,,,,,,,,,,,,,,,,,,,,,,,,,,,,,,,,,,,,,,,,,,,,,,,,,,,,,,,,,,,,,,,,,,,,,,,,,,,,,,,,,,,,,,,,,,,,,,,,,,,,,,,,,,,,,,,,,,,,,,,,,,,,,,,,,,,,,,
,,,,,,,,,,,,,,,,,,,,,,,,,,,,,,,,,,,,,,,,,,,,,,,,,,,,,,,,,,,,,,,,,,,,,,,,,,,,,,,,,,,,,,,,,,,,,,,,,,,,,,,,,,,,,,,,,,,,,,,,,,,,,,,,,,,,,,,,,,,,,,,,,,,,,
,,,,,,,,,,,,,,,,,,,,,,,,,,,,,,,,,,,,,,,,,,,,,,,,,,,,,,,,,,,,,,,,,,,,,,,,,,,,,,,,,,,,,,,,,,,,,,,,,,,,,,,,,,,,,,,,,,,,,,,,,,,,,,,,,,,,,,,,,,,,,,,,,,,,,
,,,,,,,,,,,,,,,,,,,,,,,,,,,,,,,,,,,,,,,,,,,,,,,,,,,,,,,,,,,,,,,,,,,,,,,,,,,,,,,,,,,,,,,,,,,,,,,,,,,,,,,,,,,,,,,,,,,,,,,,,,,,,,,,,,,,,,,,,,,,,,,,,,,,,
,,,,,,,,,,,,,,,,,,,,,,,,,,,,,,,,,,,,,,,,,,,,,,,,,,,,,,,,,,,,,,,,,,,,,,,,,,,,,,,,,,,,,,,,,,,,,,,,,,,,,,,,,,,,,,,,,,,,,,,,,,,,,,,,,,,,,,,,,,,,,,,,,,,,,
,,,,,,,,,,,,,,,,,,,,,,,,,,,,,,,,,,,,,,,,,,,,,,,,,,,,,,,,,,,,,,,,,,,,,,,,,,,,,,,,,,,,,,,,,,,,,,,,,,,,,,,,,,,,,,,,,,,,,,,,,,,,,,,,,,,,,,,,,,,,,,,,,,,,,
,,,,,,,,,,,,,,,,,,,,,,,,,,,,,,,,,,,,,,,,,,,,,,,,,,,,,,,,,,,,,,,,,,,,,,,,,,,,,,,,,,,,,,,,,,,,,,,,,,,,,,,,,,,,,,,,,,,,,,,,,,,,,,,,,,,,,,,,,,,,,,,,,,,,,
,,,,,,,,,,,,,,,,,,,,,,,,,,,,,,,,,,,,,,,,,,,,,,,,,,,,,,,,,,,,,,,,,,,,,,,,,,,,,,,,,,,,,,,,,,,,,,,,,,,,,,,,,,,,,,,,,,,,,,,,,,,,,,,,,,,,,,,,,,,,,,,,,,,,,
,,,,,,,,,,,,,,,,,,,,,,,,,,,,,,,,,,,,,,,,,,,,,,,,,,,,,,,,,,,,,,,,,,,,,,,,,,,,,,,,,,,,,,,,,,,,,,,,,,,,,,,,,,,,,,,,,,,,,,,,,,,,,,,,,,,,,,,,,,,,,,,,,,,,,
,,,,,,,,,,,,,,,,,,,,,,,,,,,,,,,,,,,,,,,,,,,,,,,,,,,,,,,,,,,,,,,,,,,,,,,,,,,,,,,,,,,,,,,,,,,,,,,,,,,,,,,,,,,,,,,,,,,,,,,,,,,,,,,,,,,,,,,,,,,,,,,,,,,,,
,,,,,,,,,,,,,,,,,,,,,,,,,,,,,,,,,,,,,,,,,,,,,,,,,,,,,,,,,,,,,,,,,,,,,,,,,,,,,,,,,,,,,,,,,,,,,,,,,,,,,,,,,,,,,,,,,,,,,,,,,,,,,,,,,,,,,,,,,,,,,,,,,,,,,
,,,,,,,,,,,,,,,,,,,,,,,,,,,,,,,,,,,,,,,,,,,,,,,,,,,,,,,,,,,,,,,,,,,,,,,,,,,,,,,,,,,,,,,,,,,,,,,,,,,,,,,,,,,,,,,,,,,,,,,,,,,,,,,,,,,,,,,,,,,,,,,,,,,,,
,,,,,,,,,,,,,,,,,,,,,,,,,,,,,,,,,,,,,,,,,,,,,,,,,,,,,,,,,,,,,,,,,,,,,,,,,,,,,,,,,,,,,,,,,,,,,,,,,,,,,,,,,,,,,,,,,,,,,,,,,,,,,,,,,,,,,,,,,,,,,,,,,,,,,
,,,,,,,,,,,,,,,,,,,,,,,,,,,,,,,,,,,,,,,,,,,,,,,,,,,,,,,,,,,,,,,,,,,,,,,,,,,,,,,,,,,,,,,,,,,,,,,,,,,,,,,,,,,,,,,,,,,,,,,,,,,,,,,,,,,,,,,,,,,,,,,,,,,,,
,,,,,,,,,,,,,,,,,,,,,,,,,,,,,,,,,,,,,,,,,,,,,,,,,,,,,,,,,,,,,,,,,,,,,,,,,,,,,,,,,,,,,,,,,,,,,,,,,,,,,,,,,,,,,,,,,,,,,,,,,,,,,,,,,,,,,,,,,,,,,,,,,,,,,
,,,,,,,,,,,,,,,,,,,,,,,,,,,,,,,,,,,,,,,,,,,,,,,,,,,,,,,,,,,,,,,,,,,,,,,,,,,,,,,,,,,,,,,,,,,,,,,,,,,,,,,,,,,,,,,,,,,,,,,,,,,,,,,,,,,,,,,,,,,,,,,,,,,,,
,,,,,,,,,,,,,,,,,,,,,,,,,,,,,,,,,,,,,,,,,,,,,,,,,,,,,,,,,,,,,,,,,,,,,,,,,,,,,,,,,,,,,,,,,,,,,,,,,,,,,,,,,,,,,,,,,,,,,,,,,,,,,,,,,,,,,,,,,,,,,,,,,,,,,
,,,,,,,,,,,,,,,,,,,,,,,,,,,,,,,,,,,,,,,,,,,,,,,,,,,,,,,,,,,,,,,,,,,,,,,,,,,,,,,,,,,,,,,,,,,,,,,,,,,,,,,,,,,,,,,,,,,,,,,,,,,,,,,,,,,,,,,,,,,,,,,,,,,,,
,,,,,,,,,,,,,,,,,,,,,,,,,,,,,,,,,,,,,,,,,,,,,,,,,,,,,,,,,,,,,,,,,,,,,,,,,,,,,,,,,,,,,,,,,,,,,,,,,,,,,,,,,,,,,,,,,,,,,,,,,,,,,,,,,,,,,,,,,,,,,,,,,,,,,
,,,,,,,,,,,,,,,,,,,,,,,,,,,,,,,,,,,,,,,,,,,,,,,,,,,,,,,,,,,,,,,,,,,,,,,,,,,,,,,,,,,,,,,,,,,,,,,,,,,,,,,,,,,,,,,,,,,,,,,,,,,,,,,,,,,,,,,,,,,,,,,,,,,,,
,,,,,,,,,,,,,,,,,,,,,,,,,,,,,,,,,,,,,,,,,,,,,,,,,,,,,,,,,,,,,,,,,,,,,,,,,,,,,,,,,,,,,,,,,,,,,,,,,,,,,,,,,,,,,,,,,,,,,,,,,,,,,,,,,,,,,,,,,,,,,,,,,,,,,
,,,,,,,,,,,,,,,,,,,,,,,,,,,,,,,,,,,,,,,,,,,,,,,,,,,,,,,,,,,,,,,,,,,,,,,,,,,,,,,,,,,,,,,,,,,,,,,,,,,,,,,,,,,,,,,,,,,,0.631578947368421,,,,,,,,,,,,,,,,,,,,,,,,,,,,,,,,,
,,,,,,,,,,,,,,,,,,,,,,,,,,,,,,,,,,,,,,,,,,,,,,,,,,,,,,,,,,,,,,,,,,,,,,,,,,,,,,,,,,,,,,,,,,,,,,,,,,,,,,,,,,,,,,,,,,,,0.105263157894737,,,,,,,,,,,,,,,,,,,,,,,,,,,,,,,,,
